<?xml version="1.0" encoding="UTF-8"?>
<project-private xmlns="http://www.netbeans.org/ns/project-private/1">
    <editor-bookmarks xmlns="http://www.netbeans.org/ns/editor-bookmarks/2" lastBookmarkId="0"/>
    <open-files xmlns="http://www.netbeans.org/ns/projectui-open-files/2">
        <group>
            <file>file:/F:/Scripts/GitHub/Java/POO%20II/Aula14ArthurC/src/pacote/Titles.java</file>
            <file>file:/F:/Scripts/GitHub/Java/POO%20II/Aula14ArthurC/src/pacote/AuthorsDAO.java</file>
            <file>file:/F:/Scripts/GitHub/Java/POO%20II/Aula14ArthurC/src/pacote/Authors.java</file>
            <file>file:/F:/Scripts/GitHub/Java/POO%20II/Aula14ArthurC/src/pacote/Aula14.java</file>
            <file>file:/F:/Scripts/GitHub/Java/POO%20II/Aula14ArthurC/src/pacote/ConexaoMySQL.java</file>
            <file>file:/F:/Scripts/GitHub/Java/POO%20II/Aula14ArthurC/src/pacote/TitlesDAO.java</file>
        </group>
    </open-files>
</project-private>
