<?xml version="1.0" encoding="UTF-8"?>
<project-private xmlns="http://www.netbeans.org/ns/project-private/1">
    <editor-bookmarks xmlns="http://www.netbeans.org/ns/editor-bookmarks/2" lastBookmarkId="0"/>
    <open-files xmlns="http://www.netbeans.org/ns/projectui-open-files/2">
        <group>
            <file>file:/F:/Scripts/GitHub/Java/Frameworks%20para%20Desenvolvimento%20de%20Software/Junit/MotoTeste/src/pacote/Moto.java</file>
            <file>file:/F:/Scripts/GitHub/Java/Frameworks%20para%20Desenvolvimento%20de%20Software/Junit/MotoTeste/src/pacote/MotoTest.java</file>
        </group>
    </open-files>
</project-private>
