<?xml version="1.0" encoding="UTF-8"?>
<project-private xmlns="http://www.netbeans.org/ns/project-private/1">
    <editor-bookmarks xmlns="http://www.netbeans.org/ns/editor-bookmarks/2" lastBookmarkId="0"/>
    <open-files xmlns="http://www.netbeans.org/ns/projectui-open-files/2">
        <group>
            <file>file:/F:/Scripts/GitHub/Java/POO%20II/TrabFinalArthurCeRaphaelT/src/main/Main.java</file>
            <file>file:/F:/Scripts/GitHub/Java/POO%20II/TrabFinalArthurCeRaphaelT/src/cliente/Cliente.java</file>
            <file>file:/F:/Scripts/GitHub/Java/POO%20II/TrabFinalArthurCeRaphaelT/src/carro/Carro.java</file>
            <file>file:/F:/Scripts/GitHub/Java/POO%20II/TrabFinalArthurCeRaphaelT/src/carro/CarroDAO.java</file>
            <file>file:/F:/Scripts/GitHub/Java/POO%20II/TrabFinalArthurCeRaphaelT/src/aluguel/AluguelDAO.java</file>
        </group>
    </open-files>
</project-private>
